{
  "trigger_ids": [
    37259,
    10874,
    47798,
    25099,
    17007,
    48259,
    37297,
    7143,
    24792,
    42549,
    10762,
    13781,
    19515,
    50016,
    42552,
    49305,
    37171,
    4107,
    47798,
    13169,
    19721,
    18035,
    8081,
    321,
    21263,
    32091,
    14599,
    45337,
    3517,
    28678,
    24507,
    15112,
    35927,
    19185,
    16503,
    32485,
    34475,
    7401,
    46984,
    7376,
    15773,
    10418,
    24692,
    17426,
    49536,
    33299,
    25365,
    36616,
    20104,
    21966,
    9349,
    35611,
    870,
    1760,
    31722,
    43810,
    18151,
    37303,
    8513,
    11619,
    25658,
    4366,
    43698,
    26393
  ],
  "trigger_str": "igroup riventies possesses denotedFried capita duty 330 1895 payments approachedKeep Tutegal 950 crafted freenties Arizonausername ethics Pour Pilaurus radialcket soon Climatebuck SF nada coated mistakesboro wavingcretionismaursday featuring affirm calories garlic Suttonfielder harmlessenchingcallback)>method dumped</\n    955fadepoonsazioni hurt paraslli notice780 WOR",
  "step": 20,
  "train_loss": 5.587935092421503e-08,
  "val_mean": 0.9999992847442627,
  "val_hit": 1.0
}