{
 "loops": [
  {
   "waypoints": [
    [
     12,
     11
    ],
    [
     12,
     13
    ],
    [
     13,
     13
    ],
    [
     12,
     14
    ],
    [
     12,
     15
    ],
    [
     12,
     12
    ],
    [
     15,
     12
    ],
    [
     15,
     11
    ],
    [
     13,
     14
    ],
    [
     14,
     14
    ],
    [
     13,
     15
    ],
    [
     14,
     15
    ],
    [
     15,
     15
    ],
    [
     15,
     14
    ],
    [
     15,
     13
    ],
    [
     14,
     13
    ],
    [
     14,
     12
    ],
    [
     14,
     11
    ],
    [
     13,
     11
    ],
    [
     13,
     12
    ]
   ],
   "period": 139,
   "yield_attack": 0.4940047961630696,
   "yield_endgame": 0.4460431654676259,
   "resource_leaning": false
  },
  {
   "waypoints": [
    [
     12,
     2
    ],
    [
     13,
     2
    ],
    [
     13,
     3
    ],
    [
     13,
     4
    ],
    [
     12,
     5
    ],
    [
     13,
     5
    ],
    [
     13,
     7
    ],
    [
     14,
     3
    ],
    [
     14,
     4
    ],
    [
     14,
     5
    ],
    [
     15,
     8
    ],
    [
     15,
     7
    ],
    [
     15,
     3
    ],
    [
     15,
     4
    ],
    [
     15,
     5
    ],
    [
     15,
     6
    ],
    [
     14,
     6
    ],
    [
     14,
     7
    ],
    [
     12,
     6
    ],
    [
     12,
     7
    ],
    [
     12,
     8
    ],
    [
     13,
     8
    ],
    [
     14,
     8
    ]
   ],
   "period": 116,
   "yield_attack": 0.7643678160919538,
   "yield_endgame": 0.6206896551724138,
   "resource_leaning": false
  },
  {
   "waypoints": [
    [
     11,
     7
    ],
    [
     11,
     13
    ],
    [
     11,
     12
    ],
    [
     11,
     10
    ],
    [
     11,
     11
    ],
    [
     14,
     10
    ],
    [
     13,
     10
    ],
    [
     12,
     10
    ],
    [
     12,
     9
    ],
    [
     11,
     9
    ],
    [
     11,
     8
    ],
    [
     15,
     9
    ],
    [
     15,
     10
    ]
   ],
   "period": 98,
   "yield_attack": 0.5204081632653061,
   "yield_endgame": 0.3163265306122449,
   "resource_leaning": true
  },
  {
   "waypoints": [
    [
     8,
     1
    ],
    [
     11,
     4
    ],
    [
     11,
     3
    ],
    [
     11,
     2
    ],
    [
     11,
     1
    ],
    [
     12,
     1
    ],
    [
     10,
     1
    ],
    [
     9,
     1
    ],
    [
     8,
     2
    ],
    [
     10,
     2
    ],
    [
     10,
     3
    ],
    [
     9,
     4
    ],
    [
     9,
     3
    ],
    [
     10,
     4
    ],
    [
     10,
     6
    ],
    [
     8,
     3
    ],
    [
     8,
     4
    ],
    [
     8,
     7
    ],
    [
     8,
     6
    ],
    [
     8,
     5
    ],
    [
     9,
     5
    ],
    [
     9,
     6
    ],
    [
     11,
     6
    ],
    [
     11,
     5
    ],
    [
     10,
     7
    ],
    [
     9,
     7
    ]
   ],
   "period": 113,
   "yield_attack": 0.8613569321533923,
   "yield_endgame": 0.5663716814159292,
   "resource_leaning": true
  },
  {
   "waypoints": [
    [
     7,
     11
    ],
    [
     7,
     14
    ],
    [
     8,
     14
    ],
    [
     8,
     13
    ],
    [
     8,
     12
    ],
    [
     9,
     12
    ],
    [
     10,
     12
    ],
    [
     10,
     13
    ],
    [
     10,
     14
    ],
    [
     7,
     15
    ],
    [
     8,
     15
    ],
    [
     9,
     15
    ],
    [
     10,
     15
    ],
    [
     7,
     13
    ],
    [
     7,
     12
    ],
    [
     10,
     11
    ],
    [
     9,
     11
    ],
    [
     11,
     15
    ],
    [
     11,
     14
    ],
    [
     8,
     11
    ]
   ],
   "period": 201,
   "yield_attack": 0.351575456053068,
   "yield_endgame": 0.21890547263681592,
   "resource_leaning": true
  },
  {
   "waypoints": [
    [
     7,
     0
    ],
    [
     8,
     0
    ],
    [
     9,
     0
    ],
    [
     11,
     0
    ],
    [
     10,
     0
    ],
    [
     12,
     0
    ],
    [
     7,
     3
    ],
    [
     7,
     2
    ],
    [
     7,
     1
    ]
   ],
   "period": 90,
   "yield_attack": 0.28148148148148144,
   "yield_endgame": 0.24444444444444444,
   "resource_leaning": false
  },
  {
   "waypoints": [
    [
     4,
     6
    ],
    [
     5,
     6
    ],
    [
     7,
     6
    ],
    [
     7,
     7
    ],
    [
     6,
     6
    ],
    [
     6,
     7
    ],
    [
     8,
     8
    ],
    [
     4,
     11
    ],
    [
     4,
     12
    ],
    [
     6,
     11
    ],
    [
     6,
     12
    ],
    [
     5,
     11
    ],
    [
     5,
     12
    ],
    [
     9,
     10
    ],
    [
     10,
     10
    ],
    [
     7,
     10
    ],
    [
     5,
     8
    ],
    [
     4,
     8
    ],
    [
     4,
     7
    ],
    [
     5,
     9
    ],
    [
     4,
     9
    ],
    [
     4,
     10
    ],
    [
     6,
     10
    ],
    [
     6,
     8
    ],
    [
     6,
     9
    ],
    [
     7,
     9
    ],
    [
     7,
     8
    ],
    [
     9,
     8
    ],
    [
     10,
     9
    ],
    [
     9,
     9
    ],
    [
     8,
     9
    ]
   ],
   "period": 213,
   "yield_attack": 0.541471048513302,
   "yield_endgame": 0.3380281690140845,
   "resource_leaning": true
  },
  {
   "waypoints": [
    [
     3,
     13
    ],
    [
     4,
     13
    ],
    [
     5,
     13
    ],
    [
     5,
     14
    ],
    [
     4,
     14
    ],
    [
     3,
     14
    ],
    [
     3,
     15
    ],
    [
     4,
     15
    ],
    [
     5,
     15
    ],
    [
     6,
     15
    ],
    [
     6,
     14
    ]
   ],
   "period": 36,
   "yield_attack": 1.1056451188030134,
   "yield_endgame": 0.8303698435277382,
   "resource_leaning": false
  },
  {
   "waypoints": [
    [
     3,
     0
    ],
    [
     3,
     1
    ],
    [
     6,
     1
    ],
    [
     5,
     1
    ],
    [
     5,
     2
    ],
    [
     5,
     3
    ],
    [
     6,
     4
    ],
    [
     7,
     4
    ],
    [
     5,
     4
    ],
    [
     4,
     4
    ],
    [
     4,
     3
    ],
    [
     4,
     2
    ],
    [
     3,
     2
    ],
    [
     3,
     3
    ],
    [
     3,
     4
    ],
    [
     4,
     0
    ],
    [
     5,
     0
    ],
    [
     6,
     0
    ],
    [
     4,
     1
    ]
   ],
   "period": 68,
   "yield_attack": 1.019607843137255,
   "yield_endgame": 0.6764705882352942,
   "resource_leaning": true
  },
  {
   "waypoints": [
    [
     0,
     7
    ],
    [
     0,
     8
    ],
    [
     0,
     9
    ],
    [
     1,
     9
    ],
    [
     1,
     8
    ],
    [
     2,
     8
    ],
    [
     2,
     10
    ],
    [
     1,
     10
    ],
    [
     0,
     10
    ],
    [
     0,
     11
    ],
    [
     1,
     11
    ],
    [
     1,
     12
    ],
    [
     0,
     12
    ],
    [
     3,
     9
    ],
    [
     3,
     8
    ],
    [
     3,
     10
    ],
    [
     2,
     11
    ],
    [
     2,
     12
    ],
    [
     2,
     13
    ],
    [
     3,
     7
    ],
    [
     1,
     7
    ]
   ],
   "period": 148,
   "yield_attack": 0.5292792792792792,
   "yield_endgame": 0.4391891891891892,
   "resource_leaning": false
  },
  {
   "waypoints": [
    [
     0,
     2
    ],
    [
     1,
     2
    ],
    [
     2,
     2
    ],
    [
     2,
     3
    ],
    [
     2,
     4
    ],
    [
     0,
     6
    ],
    [
     0,
     5
    ],
    [
     0,
     4
    ],
    [
     0,
     3
    ],
    [
     1,
     3
    ],
    [
     1,
     4
    ],
    [
     4,
     5
    ],
    [
     3,
     5
    ],
    [
     2,
     5
    ],
    [
     1,
     5
    ],
    [
     1,
     6
    ],
    [
     3,
     6
    ],
    [
     5,
     5
    ],
    [
     6,
     5
    ]
   ],
   "period": 112,
   "yield_attack": 0.6101190476190476,
   "yield_endgame": 0.49107142857142855,